dataset,target,rows,complete,metric_coverage,notes
anime,10000,7616,False,"{""anime_popularity_proxy"": 3699, ""myanimelist_members_snapshot"": 3304, ""spotify_chart_streams_snapshot"": 4, ""spotify_popularity"": 599, ""spotify_streams"": 5, ""spotify_streams_snapshot"": 5}",Local-first two-pass pipeline: bulk AnimeThemes + bundled MAL theme data are scanned without per-anime network calls; Jikan is used only as a bounded post-pass for higher-ranked unresolved anime. | local_rows_before_jikan=7616; jikan_stop_reason=circuit_breaker_after_12_consecutive_failures
worldwide,51000,51000,True,"{""cross_platform_track_score"": 4, ""spotify_chart_streams_snapshot"": 5339, ""spotify_popularity"": 34750, ""spotify_streams"": 5020, ""spotify_streams_snapshot"": 5883, ""youtube_views"": 4}",Reused validated materialized output: data/worldwide/worldwide_51000.csv | Reused validated materialized output: data/worldwide/worldwide_51000.csv | Reused validated materialized output: data/worldwide/worldwide_51000.csv
classical,10000,10000,True,"{""spotify_chart_streams_snapshot"": 5, ""spotify_popularity"": 9987, ""spotify_streams"": 6, ""spotify_streams_snapshot"": 2}",Reused validated materialized output: data/classical/classical_10000.csv | Reused validated materialized output: data/classical/classical_10000.csv | Reused validated materialized output: data/classical/classical_10000.csv
vtuber_original,10000,10000,False,"{""youtube_views"": 10000}","Holodex topic classification with mentions/channel metadata; exact YouTube views used when available, Spotify streams used on confident catalog matches, subscriber counts only as an explicitly labeled proxy. Finite verified corpus is never padded. | Hololive member coverage and threshold evidence: data/hololive_coverage.json. Mandatory inclusions may exceed 10000."
emerging,10000,10000,True,"{""spotify_chart_streams_snapshot"": 84, ""spotify_popularity"": 7972, ""spotify_streams"": 190, ""spotify_streams_snapshot"": 1753, ""youtube_views"": 1}",Reused validated materialized output: data/emerging/emerging_10000.csv | Reused validated materialized output: data/emerging/emerging_10000.csv | Reused validated materialized output: data/emerging/emerging_10000.csv
genres,10000,10000,True,"{""cross_platform_track_score"": 1, ""spotify_chart_streams_snapshot"": 924, ""spotify_popularity"": 7603, ""spotify_streams"": 1102, ""spotify_streams_snapshot"": 370}",Reused validated materialized output: data/genres/genres_10000.csv | Reused validated materialized output: data/genres/genres_10000.csv | Reused validated materialized output: data/genres/genres_10000.csv
screen_soundtracks,10000,10000,True,"{""listenbrainz_tag_popularity_percent"": 6545, ""spotify_popularity"": 3400, ""spotify_streams"": 31, ""spotify_streams_snapshot"": 24}","Source-declared soundtrack/score metadata and independently sourced curated associations are ranked first; when those sources contain fewer than 10,000 unique songs, screen-specific MusicBrainz/ListenBrainz soundtrack tags fill the remaining source-backed rows."
vtuber_non_original,10000,10000,False,"{""youtube_views"": 10000}","Holodex topic classification with mentions/channel metadata; exact YouTube views used when available, Spotify streams used on confident catalog matches, subscriber counts only as an explicitly labeled proxy. Finite verified corpus is never padded. | Hololive member coverage and threshold evidence: data/hololive_coverage.json. Mandatory inclusions may exceed 10000."
video_game_music,10000,2721,False,"{""listenbrainz_tag_popularity_percent"": 2208, ""spotify_popularity"": 513}","The direct Wikidata video-game query is attempted first; the last successful top-game ranking is cached for later runs. | Movie/television/anime soundtracks, licensed compilations, tribute releases, piano collections, music-box albums, cover albums, and generic remix albums are rejected. | Each row records whether the game association came from an official soundtrack album, franchise artist, explicit track-title reference, high-confidence Wikidata match, or a ListenBrainz release-group game tag paired with an explicit soundtrack release. | Selection preserves game breadth, then allows up to 25 source-backed recordings per game; final rows are sorted by popularity evidence. | ranked_games=10000; catalog_soundtrack_candidates=701; listenbrainz_candidates=3045; listenbrainz_added=2208; unique_games=433; fallback_unique=90; fallback_additional=291; rows=2721"
internet_native,10000,9948,False,"{""curated_required_seed"": 2, ""listenbrainz_tag_popularity_percent"": 8867, ""spotify_chart_streams_snapshot"": 1, ""spotify_popularity"": 1074, ""spotify_streams_snapshot"": 4}","Source-backed catalog genres/tags first; ListenBrainz tag-radio fallback second. | No fabricated quota padding. Unknown song language is stored as ['und'], not guessed from title text. | catalog_candidates=1079; target=10000"
electronic_subcultures,10000,10000,True,"{""spotify_chart_streams_snapshot"": 191, ""spotify_popularity"": 9519, ""spotify_streams"": 184, ""spotify_streams_snapshot"": 106}","Source-backed catalog genres/tags first; ListenBrainz tag-radio fallback second. | No fabricated quota padding. Unknown song language is stored as ['und'], not guessed from title text. | catalog_candidates=20436; target=10000 | Reused validated materialized output: data/electronic_subcultures/electronic_subcultures_10000.csv | Reused validated materialized output: data/electronic_subcultures/electronic_subcultures_10000.csv"
alternative_extreme,10000,10000,True,"{""spotify_chart_streams_snapshot"": 130, ""spotify_popularity"": 9749, ""spotify_streams"": 107, ""spotify_streams_snapshot"": 14}","Source-backed catalog genres/tags first; ListenBrainz tag-radio fallback second. | No fabricated quota padding. Unknown song language is stored as ['und'], not guessed from title text. | catalog_candidates=10266; target=10000 | Reused validated materialized output: data/alternative_extreme/alternative_extreme_10000.csv | Reused validated materialized output: data/alternative_extreme/alternative_extreme_10000.csv"
jazz_depth,10000,9998,False,"{""listenbrainz_tag_popularity_percent"": 4826, ""spotify_chart_streams_snapshot"": 40, ""spotify_popularity"": 5109, ""spotify_streams"": 23}","Source-backed catalog genres/tags first; ListenBrainz tag-radio fallback second. | No fabricated quota padding. Unknown song language is stored as ['und'], not guessed from title text. | catalog_candidates=5173; target=10000"
children_childhood,10000,5283,False,"{""curated_required_seed"": 2, ""listenbrainz_tag_popularity_percent"": 3179, ""spotify_chart_streams_snapshot"": 2, ""spotify_popularity"": 2098, ""spotify_streams"": 1, ""spotify_streams_snapshot"": 1}","Source-backed catalog genres/tags first; ListenBrainz tag-radio fallback second. | No fabricated quota padding. Unknown song language is stored as ['und'], not guessed from title text. | catalog_candidates=2102; target=10000"
unserious,10000,9375,False,"{""curated_required_seed"": 4, ""listenbrainz_tag_popularity_percent"": 9141, ""spotify_chart_streams_snapshot"": 2, ""spotify_popularity"": 223, ""spotify_streams_snapshot"": 5}","Strict novelty/comedy/parody/meme tags plus a bounded set of known absurd novelty-title patterns. | Broad viral, children's music, cartoon music, nerdcore, and denpa tags do not qualify by themselves. | Explicit inclusions include Pink Fluffy Unicorns Dancing on Rainbows and Orelsan's Basique. | catalog_candidates=230; target=10000"
special_required,4,4,True,"{""curated_required_seed"": 4}",Reused validated materialized output: data/special_required/special_required.csv | Reused validated materialized output: data/special_required/special_required.csv | Reused validated materialized output: data/special_required/special_required.csv
vocaloid,"every VocaDB Original voice-synth song with a resolved official Original YouTube PV, ordered by views",215559,False,"{""youtube_views"": 215559}","VocaDB-only classification and metadata; official YouTube Data API view counts only. | SongType must equal Original and at least one enabled service=Youtube, pvType=Original upload must have an official API view count. There is no minimum-view threshold or row cap. | Generic OtherVoiceSynthesizer and VirtualSinger artist types do not establish voice-synth eligibility. | Producer/composer credit takes precedence over simultaneous human-vocalist roles, preventing instrumentalists from being promoted to main artist. | Official YouTube statistics and the exhaustive VocaDB scan are checkpointed; a quota-limited rerun resumes with unresolved IDs instead of repeating the full lookup. | No Spotify matching, title collision matching, remix, mashup, cover, remaster, MusicPV entry, reprint, or third-party view-count fallback. | preserved_original_pv_rows=215553; vocadb_exhaustive=True; unresolved_youtube_video_ids=27"
kpop,"all official videos above 100,000,000 views found by the fully scanned catalog/curation-backed K-pop artist registry",275,True,"{""youtube_views"": 275}","Catalog rows require an exact cleaned K-pop genre plus Korean ISRC, Korean source-country metadata, or Korean artist identity. | YouTube discovery accepts only parsed artists in the audited catalog/curation-backed artist registry; generic Western-pop results are rejected. | Artist aliases and Korean/Latin title variants are canonicalized before deduplication. | Every retained row has an observed YouTube view count strictly above 100,000,000. | Successful artist searches and video-statistics snapshots are checkpointed; a quota-limited rerun resumes at the first unfinished artist and preserves verified rows. | trusted_artists=59; preserved_rows=270; catalog_qualified=60; live_youtube_qualified=258; final_deduplicated_rows=275 | Completeness is scoped to the fully scanned audited artist registry; it is not a claim that every upload labeled K-pop on the internet has been enumerated. | Reused validated materialized output: data/kpop/kpop_youtube_over_100m.csv | Reused validated materialized output: data/kpop/kpop_youtube_over_100m.csv"
countries,"1,000 per detected Spotify regional market (76 detected this run)",73590,False,"{""spotify_country_chart_streams"": 73590}","Source index advertised 76 country/territory markets: 73 contain 1000 ranked unique songs; 2 historical totals pages are source-exhausted below the requested target. | 1 source-index market links have no usable historical totals page. These are recorded explicitly and keep requested completeness false; no rows were fabricated. | Country chart counts are exact chart-attributed streams, not lifetime Spotify totals; streams outside the daily Top 200 are excluded."
megalist,deduplicated union of all requested lists,386012,False,"{""anime_popularity_proxy"": 3482, ""cross_platform_track_score"": 2, ""curated_required_seed"": 4, ""listenbrainz_tag_popularity_percent"": 34364, ""myanimelist_members_snapshot"": 3070, ""spotify_chart_streams_snapshot"": 2836, ""spotify_popularity"": 73432, ""spotify_regional_chart_streams_sum"": 27852, ""spotify_streams"": 2689, ""spotify_streams_snapshot"": 3332, ""youtube_views"": 234949}",Canonical megalist compressed to megalist.csv.gz and split into 10k-row CSV parts to stay below GitHub's per-file size limit. | Megalist is a deduplicated union of materialized rows; completeness is false because one or more upstream requested lists are incomplete.
